y_test_rescaled,y_pred_rescaled
155850.99776083895,158992.25338437065
173096.99923410598,150526.59656529606
191409.01097091724,152586.63796014906
168131.9937495356,146090.03844727395
188657.0110979915,151286.2811745464
166232.00490657066,152041.1306489387
137223.00379728357,128527.50000799439
72003.99962170332,66245.97723134691
154393.00599077728,146301.04482826113
147435.0003792372,147803.71707964578
146396.99417579864,129548.09013785778
125061.99585775586,117696.65410463916
