y_test_rescaled,y_pred_rescaled
172034.99542083364,182735.7104496307
184349.00182031764,179771.6084144468
226780.0085612092,187989.83097390807
160968.99485673266,175867.65478316965
204806.00539501227,173953.37969188468
188363.01298299577,171321.9431532951
145943.99819838817,124461.19268416021
83637.99840760088,100797.39206866524
167469.0049888136,168256.02934077414
158417.00246028695,161619.61498635885
156886.0042630483,139785.17326228324
121689.0030413172,161359.34638860956
