y_test_rescaled,y_pred_rescaled
178324.99907233712,195209.52285021677
182228.99379541192,178605.6834448908
214271.00788455975,212730.98318910162
171889.0099610114,156792.2670239515
199695.9938051306,192808.66608556674
175279.00108441565,171331.94215739254
152947.99922877637,184252.20324229516
91777.00282980547,95216.6842095308
125355.99397275156,178604.60136088575
146986.0040034657,158097.486338944
147190.99728472854,186365.66397410695
124077.99797370922,125868.86069935352
