y_test_rescaled,y_pred_rescaled
118463.99548552028,135584.20126888232
118975.99928437136,143299.48761950963
140188.99605515983,147794.7179759581
119849.99442608056,147184.6349047241
132311.9997834722,143383.42446486434
128272.00490740666,136529.58656039386
114792.99810381401,128818.8956424716
53504.99965963749,123807.38794021533
111027.00333454939,125601.14078896177
122444.99623741105,128351.15455833392
108545.99701856235,133172.34559972511
92199.00189451396,142492.68441560844
