y_test_rescaled,y_pred_rescaled
132109.00630302881,140833.322291111
135310.00255172607,146754.42432911645
162180.99742873208,140982.18417676946
149691.99476027748,127980.30793307994
146266.99342526638,140173.47020427708
142199.0013377281,146017.40869490884
132472.9974467064,121614.26391000552
59583.996930153786,81530.0576739415
130817.99790139394,124335.65039367412
133605.9941890704,135163.85957334613
134789.99954959704,120981.54610689348
110055.99730719645,113749.70475574314
